{
  "Answer F1": 0.5895297925052142,
  "Answer F1 by type": {
    "extractive": 0.7019500718737308,
    "abstractive": 0.2293784675363623,
    "boolean": 1.0,
    "none": 0.2
  },
  "Evidence F1": 0.22916666666666666,
  "Missing predictions": 0
}